run,controller,angle_peak_deg,viol_integral,w_rms,u_energy,solve_ms
0,C0,23.145539,0,1.0020943,9.0767498,0.01012825
1,C0,23.787958,0,1.0686098,10.629571,0.010420067
2,C0,22.907886,0,0.98254769,9.5643551,0.0142491
3,C0,22.744705,0,1.0440228,11.042636,0.0087501667
4,C0,22.656366,0,1.0247859,10.842191,0.010531067
5,C0,22.882727,0,1.0359228,10.132747,0.00966565
0,A0,23.513181,0,1.02862,11.203648,18.135593
1,A0,24.007576,0,1.0705881,12.325301,19.656722
2,A0,23.267462,0,0.99220743,11.803879,21.46641
3,A0,23.145249,0,1.0290412,13.208845,18.928436
4,A0,23.042359,0,1.0097013,13.018994,22.252544
5,A0,23.256131,0,1.0316544,12.181475,17.752376
0,A2fd,23.248963,0,0.87121626,14.519846,33.452444
1,A2fd,23.805128,0,0.94152636,15.982761,29.556281
2,A2fd,22.959408,0,0.82605318,15.66431,28.328747
3,A2fd,22.814907,0,0.88813639,16.928035,21.810921
4,A2fd,22.703992,0,0.86164454,16.962612,23.864878
5,A2fd,22.963605,0,0.86614149,15.86117,34.602531
0,A2,23.248969,0,0.87121603,14.519887,6.5805015
1,A2,23.805128,0,0.94152615,15.982804,3.8982671
2,A2,22.959409,0,0.82605295,15.664348,4.8948798
3,A2,22.814911,0,0.88813623,16.92807,3.6970744
4,A2,22.703995,0,0.86164431,16.962656,4.2406423
5,A2,22.963609,0,0.86614125,15.861206,4.3027266
0,A3,23.248969,0,0.87121603,14.519887,4.7541326
1,A3,23.805128,0,0.94152615,15.982804,4.549145
2,A3,22.959409,0,0.82605295,15.664348,4.9187324
3,A3,22.814911,0,0.88813623,16.92807,3.9362441
4,A3,22.703995,0,0.86164431,16.962656,3.3111734
5,A3,22.963609,0,0.86614125,15.861206,4.4085084
