load_scale,dispatch_error,eta_J,ratio_A2_over_A0,gate_fallback_share
0.6,-0.4,1.1436459,1.1816277,1
0.6,-0.2,1.1436459,1.9034395,1
0.6,-0.1,1.1436459,1.6526,0.7
0.6,0,1.1436459,0.32470938,0
0.6,0.1,1.1436459,0.3847819,0.60416667
0.6,0.2,1.1436459,0.49245039,1
0.6,0.4,1.1436459,0.61064101,1
1,-0.4,1.1233735,1.3098316,1
1,-0.2,1.1233735,2.1032841,1
1,-0.1,1.1233735,2.3067719,1
1,0,1.1233735,0.19526398,0
1,0.1,1.1233735,0.3619458,1
1,0.2,1.1233735,0.49187982,1
1,0.4,1.1233735,0.63797535,1
1.5,-0.4,1.0811982,1.6095496,1
1.5,-0.2,1.0811982,2.2227775,1
1.5,-0.1,1.0811982,2.7387712,1
1.5,0,1.0811982,0.17853536,0
1.5,0.1,1.0811982,0.3680692,1
1.5,0.2,1.0811982,0.50558326,1
1.5,0.4,1.0811982,0.73450614,1
2,-0.4,1.0150324,1.5592793,1
2,-0.2,1.0150324,2.3412355,1
2,-0.1,1.0150324,3.3558349,1
2,0,1.0150324,0.19996307,0
2,0.1,1.0150324,0.3795175,1
2,0.2,1.0150324,0.52560179,1
2,0.4,1.0150324,0.95087665,1
2.5,-0.4,0.91226182,1.4494835,1
2.5,-0.2,0.91226182,2.1541596,1
2.5,-0.1,0.91226182,3.6501704,1
2.5,0,0.91226182,0.28943633,0
2.5,0.1,0.91226182,0.39919209,1
2.5,0.2,0.91226182,0.56904719,1
2.5,0.4,0.91226182,1.0453232,1
3,-0.4,0.73324116,1.1182852,1
3,-0.2,0.73324116,1.0872482,1
3,-0.1,0.73324116,0.90526005,1
3,0,0.73324116,0.82088795,0.94166667
3,0.1,0.73324116,0.83989602,1
3,0.2,0.73324116,0.84331347,1
3,0.4,0.73324116,1.5290333,1
