load_scale,lambda_min_J,cond_J,max_line_angle_deg,max_gen_angle_deg,residual
1,2.2373965,25.594647,7.8348934,9.2244746,1.110223e-15
1.125,2.2340145,25.622562,8.8206814,10.389605,1.6653345e-16
1.25,2.2302214,25.654094,9.8087698,11.559097,4.4408921e-16
1.375,2.226013,25.689355,10.799432,12.733492,9.9920072e-16
1.5,2.2213838,25.728476,11.792949,13.913353,4.4408921e-16
1.625,2.2163282,25.7716,12.789607,15.099265,6.6613381e-16
1.75,2.2108396,25.818885,13.789699,16.291838,6.6613381e-16
1.875,2.2049108,25.870507,14.79353,17.491711,7.2164497e-16
2,2.1985338,25.926662,15.80141,18.699558,6.6613381e-16
2.125,2.1916994,25.987561,16.813663,19.916087,6.6613381e-16
2.25,2.184398,26.053441,17.830621,21.142049,7.7715612e-16
2.375,2.1766183,26.12456,18.852633,22.378242,4.4408921e-16
2.5,2.1683482,26.201202,19.880057,23.625517,4.4408921e-16
2.625,2.1595741,26.283681,20.913268,24.884787,1.110223e-15
2.75,2.150281,26.372344,21.95266,26.15703,8.8817842e-16
2.875,2.1404519,26.467572,22.998641,27.443304,8.8817842e-16
3,2.1300682,26.569794,24.051642,28.744756,8.8817842e-16
3.125,2.1191088,26.679482,25.112116,30.062632,1.3322676e-15
3.25,2.1075503,26.79717,26.180538,31.398295,1.3322676e-15
3.375,2.0953659,26.923454,27.257412,32.753244,1.110223e-15
3.5,2.0825257,27.059013,28.34327,34.129132,1.3322676e-15
3.625,2.0689953,27.204616,29.438679,35.527793,1.3322676e-15
3.75,2.0547359,27.361145,30.544239,36.951276,1.7763568e-15
3.875,2.0397023,27.529618,31.660591,38.401881,2.220446e-15
4,2.0238425,27.71122,32.788421,39.882207,1.3322676e-15
4.125,2.0070958,27.90734,33.928465,41.395215,1.7763568e-15
4.25,1.9893907,28.119623,35.081513,42.944302,1.3322676e-15
4.375,1.9706422,28.35004,36.248418,44.5334,1.7763568e-15
4.5,1.9507484,28.600982,37.430102,46.167109,2.6645353e-15
