realisation,rmse_A0,rmse_A2,ratio
0,0.39969924,0.040651427,0.10170504
1,0.46915531,0.090014126,0.19186424
2,0.50790531,0.070836003,0.13946695
3,0.52532897,0.1890759,0.35991904
4,0.36698986,0.033059325,0.090082394
5,0.52230447,0.073107007,0.1399701
6,0.41934755,0.095289446,0.22723263
7,0.35490125,0.079287143,0.22340621
8,0.33950539,0.064465073,0.18987938
9,0.33220999,0.02388919,0.071909908
10,0.2657868,0.048431823,0.18222057
11,0.37946938,0.04879133,0.12857778
12,0.34108468,0.01031191,0.030232697
13,0.37134713,0.026189021,0.070524368
14,0.38807996,0.047668054,0.1228305
15,0.4073091,0.068097187,0.16718798
16,0.52097234,0.021804648,0.041853753
17,0.36682419,0.044455995,0.12119156
18,0.4581334,0.11424581,0.24937237
19,0.44899905,0.035972357,0.080116778
20,0.51160983,0.10622101,0.20762114
21,0.36157274,0.12989223,0.35924232
22,0.65843994,0.22091738,0.33551638
23,0.5459711,0.063122222,0.11561458
