scenario,mu_after,rmse_A0,rmse_A2,rmse_oracle,rmse_gate,rmse_reconcile,mean_rho_estimate,false_fallback_rate,detection_rate,detection_delay_s,min_trust,retrust_delay_s,rmse_A2_after_restore,detection_rate_restore,detection_delay_restore_s
no change,None,0.49143745,0.070104782,0.070104782,0.070104782,0.070104782,0,0,nan,nan,nan,nan,nan,nan,nan
false-shift stress,None,0.50370623,0.12442533,0.12442533,0.12442533,0.12442533,0,0,nan,nan,nan,nan,nan,nan,nan
persistent mu 1.03,1.03,0.42508049,0.178871,0.15858707,0.17467104,0.16078964,1.0300286,0,1,0.28333333,0.963362,0.1,nan,nan,nan
persistent mu 1.05,1.05,0.3497365,0.17535939,0.1162106,0.14280289,0.12727387,1.0497814,0,1,0.18333333,0.89389979,0.1,nan,nan,nan
persistent mu 1.1,1.1,0.22068207,0.2996859,0.13090277,0.16905361,0.14098124,1.1039419,0,1,0.1,0.58959897,0.13333333,nan,nan,nan
persistent mu 0.8,0.8,1.1658039,0.54315688,0.13363058,1.0461083,0.13827986,0.79896437,0,1,0.1,0.29866861,0.5,nan,nan,nan
persistent mu 1.25,1.25,0.36998099,0.72455047,0.10056789,0.40670292,0.10815008,1.2505988,0,1,0.1,0.20170809,0.5,nan,nan,nan
persistent mu 1.5,1.5,1.1997744,1.9918441,0.10687389,1.202517,0.11057084,1.4991802,0,1,0.1,0.033078065,0.5,nan,nan,nan
recovery mu 1.1,1.1,0.19893222,0.29508951,0.11360516,0.14480829,0.11498599,1.1007633,0,1,0.1,0.60850126,0.1,0.09754365,1,0.1
recovery mu 1.25,1.25,0.41780205,0.75621168,0.18164121,0.45167153,0.20192259,1.2499822,0,1,0.1,0.21131845,0.5,0.1359175,1,0.066666667
