load_scale,dispatch_error,lambda_min_ratio,cond_J,max_line_angle_deg,ratio_A2_over_A0,rmse_A0,rmse_A2
0.6,-0.4,1.0036222,25.528528,4.6927311,1.1050831,0.51032271,0.56394899
0.6,-0.2,1.0036222,25.528528,4.6927311,1.8972858,0.14724461,0.2793651
0.6,-0.1,1.0036222,25.528528,4.6927311,1.7844281,0.081843255,0.1460434
0.6,0,1.0036222,25.528528,4.6927311,0.22625378,0.24761812,0.056024535
0.6,0.1,1.0036222,25.528528,4.6927311,0.34649769,0.43073655,0.14924922
0.6,0.2,1.0036222,25.528528,4.6927311,0.45503947,0.61592203,0.28026883
0.6,0.4,1.0036222,25.528528,4.6927311,0.56065624,0.98785045,0.55384452
1,-0.4,1,25.594647,7.8348934,1.2082575,0.85058091,1.0277208
1,-0.2,1,25.594647,7.8348934,2.0222813,0.24039477,0.48614584
1,-0.1,1,25.594647,7.8348934,2.0610392,0.1221024,0.25165783
1,0,1,25.594647,7.8348934,0.20103262,0.4066669,0.081753314
1,0.1,1,25.594647,7.8348934,0.33082826,0.71360079,0.23607931
1,0.2,1,25.594647,7.8348934,0.4465191,1.0229781,0.45677926
1,0.4,1,25.594647,7.8348934,0.56428911,1.6435814,0.92745511
1.5,-0.4,0.99284315,25.728476,11.792949,1.6426026,1.2804962,2.1033465
1.5,-0.2,0.99284315,25.728476,11.792949,2.1224538,0.36314062,0.77074919
1.5,-0.1,0.99284315,25.728476,11.792949,2.1942435,0.17395593,0.38170166
1.5,0,0.99284315,25.728476,11.792949,0.17806766,0.60307642,0.1073884
1.5,0.1,0.99284315,25.728476,11.792949,0.33066325,1.0641169,0.35186434
1.5,0.2,0.99284315,25.728476,11.792949,0.44971823,1.5285126,0.68739996
1.5,0.4,0.99284315,25.728476,11.792949,0.5873664,2.459903,1.4448644
2,-0.4,0.98263036,25.926662,15.80141,1.8329819,1.7136332,3.1410586
2,-0.2,0.98263036,25.926662,15.80141,2.3740599,0.51113182,1.2134575
2,-0.1,0.98263036,25.926662,15.80141,1.981727,0.28791255,0.57056409
2,0,0.98263036,25.926662,15.80141,0.2761582,0.8234095,0.22739129
2,0.1,0.98263036,25.926662,15.80141,0.35130945,1.4307617,0.5026401
2,0.2,0.98263036,25.926662,15.80141,0.46042633,2.0471055,0.9425413
2,0.4,0.98263036,25.926662,15.80141,0.65759185,3.2868588,2.1614115
2.5,-0.4,0.96913899,26.201202,19.880057,1.7373329,2.1397229,3.717411
2.5,-0.2,0.96913899,26.201202,19.880057,3.0035782,0.59693738,1.7929481
2.5,-0.1,0.96913899,26.201202,19.880057,2.9615422,0.23664916,0.70084645
2.5,0,0.96913899,26.201202,19.880057,0.12710693,0.98202465,0.12482214
2.5,0.1,0.96913899,26.201202,19.880057,0.32591794,1.7557623,0.57223444
2.5,0.2,0.96913899,26.201202,19.880057,0.45404669,2.5322564,1.1497627
2.5,0.4,0.96913899,26.201202,19.880057,0.82250398,4.0879316,3.36234
3,-0.4,0.95202981,26.569794,24.051642,1.6408446,2.5771106,4.2286382
3,-0.2,0.95202981,26.569794,24.051642,3.100899,0.7307125,2.2658656
3,-0.1,0.95202981,26.569794,24.051642,3.2733009,0.29409518,0.96266204
3,0,0.95202981,26.569794,24.051642,0.14974914,1.1747294,0.17591472
3,0.1,0.95202981,26.569794,24.051642,0.32802446,2.1017125,0.68941311
3,0.2,0.95202981,26.569794,24.051642,0.48684586,3.0333265,1.4767624
3,0.4,0.95202981,26.569794,24.051642,0.98912894,4.9012004,4.8479192
