parameter,scale,rmse_A0_1s,rmse_A2_1s,ratio
load_scale,0.6,2.5763317,1.5522114,0.60248894
load_scale,0.8,1.6313248,0.74217563,0.45495271
load_scale,1,0.69400958,0.11385855,0.16405905
load_scale,1.25,0.52749789,1.0356742,1.9633713
load_scale,1.5,1.6948824,2.8738771,1.6956204
line_scale,0.6,0.69467577,0.11838653,0.17041983
line_scale,0.8,0.69419065,0.11498728,0.16564222
line_scale,1,0.69400958,0.11385855,0.16405905
line_scale,1.25,0.69394828,0.11540647,0.16630414
line_scale,1.5,0.69394939,0.12004268,0.17298478
inertia_scale,0.6,0.91574438,0.25679748,0.28042484
inertia_scale,0.8,0.77570329,0.14254958,0.18376817
inertia_scale,1,0.69400958,0.11385855,0.16405905
inertia_scale,1.25,0.6303182,0.13175608,0.20903106
inertia_scale,1.5,0.58872696,0.15837213,0.26900778
damping_scale,0.6,0.91289202,0.25408527,0.27833004
damping_scale,0.8,0.77504602,0.14269588,0.18411278
damping_scale,1,0.69400958,0.11385855,0.16405905
damping_scale,1.25,0.63041242,0.13022185,0.20656613
damping_scale,1.5,0.58872443,0.15610883,0.26516451
