mu_after,controller,w_rms,u_energy,input_at_bound_share,solve_ms,mean_tau_after,min_tau_after,rho_end
1.05,C0,0.76656994,8.8771709,0,0.028150555,nan,nan,nan
1.05,A0,0.54111209,15.933898,0.6,434.34199,nan,nan,nan
1.05,A2,0.45831362,21,1,17.258993,nan,nan,nan
1.05,gate,0.46316929,19.911696,0.80714286,29.71,0.59053501,0.4785191,1
1.05,rec,0.46248029,20.285744,0.86190476,27.243373,0.99428639,0.91975661,1.0457408
1.05,oracle,0.46168192,20.313063,0.85,23.913049,nan,nan,nan
1.1,C0,0.801653,9.7083131,0,0.017817882,nan,nan,nan
1.1,A0,0.54381431,18.689134,0.73809524,360.2019,nan,nan,nan
1.1,A2,0.51550796,21,1,15.689524,nan,nan,nan
1.1,gate,0.52016534,20.24084,0.85,26.540977,0.25883455,0.20837057,1
1.1,rec,0.5242735,20.466154,0.90119048,25.106167,0.9831482,0.70807613,1.0961104
1.1,oracle,0.51817421,20.594335,0.90357143,23.030065,nan,nan,nan
