model,horizon_s,state_rmse,mean_abs_delta_err,mean_abs_omega_err
A0,0.1,0.46416998,0.0041509285,0.45128194
A0,0.2,0.78113225,0.0122711,0.76741707
A0,0.3,1.0012292,0.01836374,0.98641526
A0,0.4,1.1663601,0.020655015,1.1417556
A0,0.5,1.2971826,0.019340508,1.2575473
A0,0.6,1.4024159,0.015749889,1.3469129
A0,0.7,1.4867836,0.012484468,1.4153197
A0,0.8,1.5518394,0.01173293,1.4653142
A0,0.9,1.5988815,0.012960877,1.5000618
A0,1,1.6312034,0.014351067,1.5239679
A1,0.1,0.038860989,0.00012167744,0.021586078
A1,0.2,0.089210382,0.00053637121,0.062259073
A1,0.3,0.15305423,0.0011739715,0.11475949
A1,0.4,0.22425758,0.0018647028,0.17370545
A1,0.5,0.29632948,0.0024789043,0.23360922
A1,0.6,0.36389755,0.0029434588,0.28818277
A1,0.7,0.42272991,0.0032446328,0.33489856
A1,0.8,0.46995285,0.0034055542,0.37560813
A1,0.9,0.50408922,0.0034124694,0.40128322
A1,1,0.52495598,0.0033860978,0.41090704
A2,0.1,0.021110247,9.5155025e-05,0.015925118
A2,0.2,0.072875315,0.00046402879,0.0550322
A2,0.3,0.14220252,0.0010900218,0.10908489
A2,0.4,0.21924252,0.0018186395,0.1714783
A2,0.5,0.29665847,0.0025040419,0.23608914
A2,0.6,0.36872248,0.0029958161,0.29517415
A2,0.7,0.43105321,0.0032954891,0.3429589
A2,0.8,0.48072323,0.0034594766,0.38389454
A2,0.9,0.51627024,0.0034691549,0.40993413
A2,1,0.53756827,0.0034561336,0.41961148
