mu_after,run,controller,w_rms,u_energy,input_at_bound_share
1.05,0,C0,0.35153343,0.69503553,0
1.05,0,A0,0.17717434,3.6892839,0.21794872
1.05,0,A2,0.078253257,4.2542629,0.14102564
1.05,0,gate,0.020913349,3.4860457,0.064102564
1.05,0,rec,0.026374023,3.4239704,0.012820513
1.05,0,oracle,0.015664981,3.3524985,0
1.05,1,C0,0.32962814,0.61184128,0
1.05,1,A0,0.16757093,3.9214385,0.15384615
1.05,1,A2,0.07405917,3.9604152,0.1025641
1.05,1,gate,0.014930363,3.1929953,0.038461538
1.05,1,rec,0.010770107,3.0106986,0
1.05,1,oracle,0.010771166,3.1504514,0
1.05,2,C0,0.34157688,0.65379414,0
1.05,2,A0,0.17797535,4.1616823,0.23076923
1.05,2,A2,0.073608725,4.4114251,0.17948718
1.05,2,gate,0.016158206,3.5904357,0.076923077
1.05,2,rec,0.011767608,3.4488828,0.064102564
1.05,2,oracle,0.012864415,3.3943043,0.038461538
1.05,3,C0,0.34633031,0.66761341,0
1.05,3,A0,0.1827093,4.161338,0.26923077
1.05,3,A2,0.071274125,4.5485843,0.20512821
1.05,3,gate,0.016544924,3.8306399,0.076923077
1.05,3,rec,0.014878959,3.6146582,0
1.05,3,oracle,0.016386157,3.5785321,0.038461538
1.05,4,C0,0.33807286,0.63503009,0
1.05,4,A0,0.18251741,4.0555532,0.24358974
1.05,4,A2,0.069739979,4.402195,0.21794872
1.05,4,gate,0.017769667,3.7520503,0.08974359
1.05,4,rec,0.025728872,3.3878585,0.038461538
1.05,4,oracle,0.018595486,3.4899059,0.038461538
1.05,5,C0,0.35751116,0.72541557,0
1.05,5,A0,0.17916439,3.773186,0.20512821
1.05,5,A2,0.068450744,4.5450053,0.32051282
1.05,5,gate,0.017282666,3.7991305,0.11538462
1.05,5,rec,0.017968999,3.5625702,0.064102564
1.05,5,oracle,0.01501306,3.6140186,0.038461538
1.1,0,C0,0.36857134,0.76404469,0
1.1,0,A0,0.11244692,3.3008946,0.15384615
1.1,0,A2,0.14220818,5.3733456,0.43589744
1.1,0,gate,0.01202076,3.6871133,0.076923077
1.1,0,rec,0.025105791,3.7310356,0.025641026
1.1,0,oracle,0.017937432,3.6846325,0.025641026
1.1,1,C0,0.34553656,0.67232633,0
1.1,1,A0,0.10253092,3.1786265,0.064102564
1.1,1,A2,0.15329582,5.17886,0.34615385
1.1,1,gate,0.0081068461,3.3741096,0.051282051
1.1,1,rec,0.01630441,3.3612033,0
1.1,1,oracle,0.011209725,3.4980718,0
1.1,2,C0,0.35811204,0.71862676,0
1.1,2,A0,0.11677246,3.6676141,0.20512821
1.1,2,A2,0.14003258,5.4181722,0.41025641
1.1,2,gate,0.01039593,3.7581466,0.08974359
1.1,2,rec,0.018022182,3.7307947,0.08974359
1.1,2,oracle,0.016378423,3.6799324,0.064102564
1.1,3,C0,0.36307507,0.7337121,0
1.1,3,A0,0.12214124,3.7047524,0.23076923
1.1,3,A2,0.13784129,5.6917773,0.46153846
1.1,3,gate,0.0094232155,4.0044104,0.076923077
1.1,3,rec,0.021245592,3.9801647,0.051282051
1.1,3,oracle,0.019568585,3.9205454,0.064102564
1.1,4,C0,0.35440898,0.69785789,0
1.1,4,A0,0.11947214,3.6374825,0.17948718
1.1,4,A2,0.13521551,5.466536,0.43589744
1.1,4,gate,0.011262137,3.8970172,0.08974359
1.1,4,rec,0.030562483,3.811818,0.051282051
1.1,4,oracle,0.021716323,3.8024438,0.064102564
1.1,5,C0,0.37489618,0.79770175,0
1.1,5,A0,0.11335325,3.3333874,0.16666667
1.1,5,A2,0.12948003,5.4431254,0.47435897
1.1,5,gate,0.013712002,3.9812486,0.16666667
1.1,5,rec,0.027713403,3.8908673,0.15384615
1.1,5,oracle,0.016745873,3.9376931,0.16666667
