run,controller,angle_peak_deg,viol_integral,w_rms,u_energy,lam_min,solve_ms
0,C0,23.145539,0,1.0020943,9.0767498,2.1306182,0.0053002333
1,C0,23.787958,0,1.0686098,10.629571,2.1314777,0.0047331667
2,C0,22.907886,0,0.98254769,9.5643551,2.133483,0.0054842
3,C0,22.744705,0,1.0440228,11.042636,2.1352391,0.0047548333
4,C0,22.656366,0,1.0247859,10.842191,2.136177,0.0045372
5,C0,22.882727,0,1.0359228,10.132747,2.1336425,0.00495255
0,A0,23.513181,0,1.02862,11.203648,2.1298518,10.743067
1,A0,24.007576,0,1.0705881,12.325301,2.1306809,10.291166
2,A0,23.267462,0,0.99220743,11.803879,2.132626,11.246112
3,A0,23.145249,0,1.0290412,13.208845,2.1343922,11.43312
4,A0,23.042359,0,1.0097013,13.018994,2.1352483,11.449675
5,A0,23.256131,0,1.0316544,12.181475,2.1328168,10.576087
0,A2,23.248963,0,0.87121626,14.519846,2.1304928,19.087869
1,A2,23.805128,0,0.94152636,15.982761,2.1315694,16.603758
2,A2,22.959408,0,0.82605318,15.66431,2.1334403,16.642804
3,A2,22.814907,0,0.88813639,16.928035,2.1351303,12.765979
4,A2,22.703992,0,0.86164454,16.962612,2.1361177,12.37034
5,A2,22.963605,0,0.86614149,15.86117,2.1335177,16.546741
0,A3,23.248963,0,0.87121626,14.519846,2.1304928,18.714903
1,A3,23.805128,0,0.94152636,15.982761,2.1315694,16.647725
2,A3,22.959408,0,0.82605318,15.66431,2.1334403,16.369966
3,A3,22.814907,0,0.88813639,16.928035,2.1351303,12.936698
4,A3,22.703992,0,0.86164454,16.962612,2.1361177,12.006477
5,A3,22.963605,0,0.86614149,15.86117,2.1335177,17.160799
