dispatch,run,controller,w_rms,u_energy,peak,solve_ms
unannounced,0,C0,1.2153547,13.765663,15.23542,0.027452564
unannounced,0,A0,1.0895225,21,15.172141,291.71706
unannounced,0,A2,1.0884122,21,15.239363,21.767923
unannounced,0,physics+projection,1.0895222,21,15.172172,48.13281
unannounced,0,SP-RTG,1.0884122,21,15.239363,21.359788
unannounced,1,C0,1.1196739,14.22952,14.979398,0.023957709
unannounced,1,A0,0.97569858,21,14.970761,308.34104
unannounced,1,A2,0.97488406,21,15.024255,19.866981
unannounced,1,physics+projection,0.97569724,21,14.970569,53.466034
unannounced,1,SP-RTG,0.97488406,21,15.024255,19.100007
unannounced,2,C0,1.1197464,15.782589,14.643835,0.032063873
unannounced,2,A0,0.99463809,21,14.614758,289.60936
unannounced,2,A2,0.99339767,21,14.614574,18.091153
unannounced,2,physics+projection,0.99463801,21,14.61476,52.974548
unannounced,2,SP-RTG,0.99339767,21,14.614574,18.140454
unannounced,3,C0,1.1411189,15.149131,14.743665,0.035102982
unannounced,3,A0,1.011494,21,14.761681,281.33756
unannounced,3,A2,1.0113779,21,14.761527,17.123044
unannounced,3,physics+projection,1.0114936,21,14.761675,50.199112
unannounced,3,SP-RTG,1.0113779,21,14.761527,19.965805
announced,0,C0,1.2153547,13.765663,15.23542,0.0181998
announced,0,A0,1.2149668,14.542465,15.172141,467.4889
announced,0,A2,1.0904234,20.48985,15.239363,30.392193
announced,0,physics+projection,1.2149662,14.542995,15.172172,81.367283
announced,0,SP-RTG,1.0904227,20.490019,15.239363,25.714667
announced,1,C0,1.1196739,14.22952,14.979398,0.035130255
announced,1,A0,1.0946849,15.210508,14.970761,444.90111
announced,1,A2,0.97488406,21,15.024255,20.655321
announced,1,physics+projection,1.0946854,15.21052,14.970569,81.2321
announced,1,SP-RTG,0.97488406,21,15.024255,20.624464
announced,2,C0,1.1197464,15.782589,14.643835,0.050835655
announced,2,A0,1.080903,17.381954,14.70699,474.0925
announced,2,A2,0.99339767,21,14.614574,13.266568
announced,2,physics+projection,1.0809042,17.382051,14.70711,77.538363
announced,2,SP-RTG,0.99339767,21,14.614574,15.100157
announced,3,C0,1.1411189,15.149131,14.743665,0.021221418
announced,3,A0,1.1161336,16.736223,14.795322,498.93901
announced,3,A2,1.0113779,21,14.761527,16.166363
announced,3,physics+projection,1.1161182,16.736413,14.795595,75.857617
announced,3,SP-RTG,1.0113779,21,14.761527,14.89257
