dispatch,controller,w_rms,u_energy,peak,solve_ms,mean_tau_post
unannounced,C0,0.51405771,1.4927944,12.060549,0.016756728,nan
unannounced,A0,0.25966769,7.8,12.457812,15.643149,nan
unannounced,A2,0.25524356,7.8,12.20271,7.4388192,nan
unannounced,physics+projection,0.25966697,7.8,12.457705,7.5441683,nan
unannounced,SP-RTG,0.25524356,7.8,12.20271,7.5246842,0.0058078357
announced,C0,0.51405771,1.4927944,12.060549,0.010163025,nan
announced,A0,0.39145509,4.3247458,11.912672,25.267845,nan
announced,A2,0.13867236,5.641988,12.199395,10.013079,nan
announced,physics+projection,0.39145236,4.3247953,11.912691,13.415082,nan
announced,SP-RTG,0.13861923,5.6364983,12.199432,9.3992119,0.99891784
