loop,bias_force,delta_eq,max_real_eig
feedback,-0.6,0.22129625,-0.68761671
feedback,-0.59,0.22633211,-0.6875422
feedback,-0.58,0.23137136,-0.68746769
feedback,-0.57,0.23641399,-0.68739318
feedback,-0.56,0.24146003,-0.68731867
feedback,-0.55,0.24650946,-0.68724416
feedback,-0.54,0.25156231,-0.68716967
feedback,-0.53,0.25661857,-0.68709518
feedback,-0.52,0.26167825,-0.6870207
feedback,-0.51,0.26674136,-0.68694623
feedback,-0.5,0.2718079,-0.68687178
feedback,-0.49,0.27687788,-0.68679735
feedback,-0.48,0.2819513,-0.68672293
feedback,-0.47,0.28702817,-0.68664854
feedback,-0.46,0.29210848,-0.68657417
feedback,-0.45,0.29719225,-0.68649983
feedback,-0.44,0.30227947,-0.68642551
feedback,-0.43,0.30737016,-0.68635122
feedback,-0.42,0.3124643,-0.68627697
feedback,-0.41,0.31756191,-0.68620275
feedback,-0.4,0.32266298,-0.68612857
feedback,-0.39,0.32776753,-0.68605442
feedback,-0.38,0.33287554,-0.68598032
feedback,-0.37,0.33798702,-0.68590626
feedback,-0.36,0.34310197,-0.68583224
feedback,-0.35,0.34822039,-0.68575828
feedback,-0.34,0.35334228,-0.68568436
feedback,-0.33,0.35846764,-0.6856105
feedback,-0.32,0.36359647,-0.68553669
feedback,-0.31,0.36872876,-0.68546293
feedback,-0.3,0.37386452,-0.68538924
feedback,-0.29,0.37900375,-0.68531561
feedback,-0.28,0.38414643,-0.68524204
feedback,-0.27,0.38929257,-0.68516855
feedback,-0.26,0.39444217,-0.68509511
feedback,-0.25,0.39959522,-0.68502176
feedback,-0.24,0.40475172,-0.68494847
feedback,-0.23,0.40991166,-0.68487526
feedback,-0.22,0.41507503,-0.68480213
feedback,-0.21,0.42024184,-0.68472908
feedback,-0.2,0.42541208,-0.68465612
feedback,-0.19,0.43058574,-0.68458324
feedback,-0.18,0.43576281,-0.68451045
feedback,-0.17,0.44094329,-0.68443776
feedback,-0.16,0.44612717,-0.68436515
feedback,-0.15,0.45131445,-0.68429264
feedback,-0.14,0.45650511,-0.68422024
feedback,-0.13,0.46169914,-0.68414793
feedback,-0.12,0.46689654,-0.68407573
feedback,-0.11,0.4720973,-0.68400363
feedback,-0.1,0.47730141,-0.68393165
feedback,-0.09,0.48250886,-0.68385977
feedback,-0.08,0.48771963,-0.68378801
feedback,-0.07,0.49293372,-0.68371637
feedback,-0.06,0.49815111,-0.68364485
feedback,-0.05,0.50337179,-0.68357345
feedback,-0.04,0.50859576,-0.68350217
feedback,-0.03,0.51382298,-0.68343103
feedback,-0.02,0.51905347,-0.68336001
feedback,-0.01,0.52428719,-0.68328913
feedback,0,0.52952414,-0.68321838
feedback,0.01,0.53476429,-0.68314777
feedback,0.02,0.54000764,-0.6830773
feedback,0.03,0.54525417,-0.68300698
feedback,0.04,0.55050387,-0.68293681
feedback,0.05,0.5557567,-0.68286678
feedback,0.06,0.56101267,-0.68279691
feedback,0.07,0.56627175,-0.68272719
feedback,0.08,0.57153392,-0.68265763
feedback,0.09,0.57679917,-0.68258823
feedback,0.1,0.58206747,-0.68251899
feedback,0.11,0.58733881,-0.68244992
feedback,0.12,0.59261316,-0.68238102
feedback,0.13,0.59998598,-0.16363636
feedback,0.14,0.61505917,-0.16363636
feedback,0.15,0.63017913,-0.16363636
feedback,0.16,0.6453447,-0.16363636
feedback,0.17,0.66055464,-0.16363636
feedback,0.18,0.67580763,-0.16363636
feedback,0.19,0.69110222,-0.16363636
feedback,0.2,0.70643687,-0.16363636
feedback,0.21,0.72180995,-0.16363636
feedback,0.22,0.73721973,-0.16363636
feedback,0.23,0.75266435,-0.16363636
feedback,0.24,0.76814189,-0.16363636
feedback,0.25,0.78365032,-0.16363636
feedback,0.26,0.79918751,-0.16363636
feedback,0.27,0.81475123,-0.16363636
feedback,0.28,0.83033918,-0.16363636
feedback,0.29,0.84594897,-0.16363636
feedback,0.3,0.8615781,-0.16363636
feedback,0.31,0.87722402,-0.16363636
feedback,0.32,0.89288409,-0.16363636
feedback,0.33,0.90855562,-0.16363636
feedback,0.34,0.92423582,-0.16363636
feedback,0.35,0.93992188,-0.16363636
feedback,0.36,0.95561091,-0.16363636
feedback,0.37,0.97129999,-0.16363636
feedback,0.38,0.98698615,-0.16363636
feedback,0.39,1.0026664,-0.16363636
feedback,0.4,1.0183377,-0.16363636
feedback,0.41,1.0339971,-0.16363636
feedback,0.42,1.0496414,-0.16363636
feedback,0.43,1.0652676,-0.16363636
feedback,0.44,1.0808727,-0.16363636
feedback,0.45,1.0964537,-0.16363636
feedback,0.46,1.1120075,-0.16363636
feedback,0.47,1.1275312,-0.16363636
feedback,0.48,1.1430217,-0.16363636
feedback,0.49,1.1584763,-0.16363636
feedback,0.5,1.1738919,-0.16363636
feedback,0.51,1.1892659,-0.16363636
feedback,0.52,1.2045955,-0.16363636
feedback,0.53,1.219878,-0.16363636
feedback,0.54,1.2351108,-0.16363636
feedback,0.55,1.2502913,-0.16363636
feedback,0.56,1.2654172,-0.16363636
feedback,0.57,1.2804859,-0.16363636
feedback,0.58,1.2954954,-0.16363636
feedback,0.59,1.3104433,-0.16363636
feedback,0.6,1.3253276,-0.16363636
feedback,0.61,1.3401463,-0.16363636
feedback,0.62,1.3548974,-0.16363636
feedback,0.63,1.3695792,-0.16363636
feedback,0.64,1.38419,-0.16363636
feedback,0.65,1.3987281,-0.16363636
feedback,0.66,1.4131921,-0.16363636
feedback,0.67,1.4275804,-0.16363636
feedback,0.68,1.4418919,-0.16363636
feedback,0.69,1.4561252,-0.16363636
feedback,0.7,1.4702794,-0.16363636
feedback,0.71,1.4843532,-0.16363636
feedback,0.72,1.4983458,-0.16363636
feedback,0.73,1.5122564,-0.16363636
feedback,0.74,1.5260841,-0.16363636
feedback,0.75,1.5398283,-0.16363636
feedback,0.76,1.5534884,-0.16363636
feedback,0.77,1.5670639,-0.16363636
feedback,0.78,1.5805543,-0.16363636
feedback,0.79,1.5939592,-0.16363636
feedback,0.8,1.6072784,-0.16363636
feedback,0.81,1.6205116,-0.16363636
feedback,0.82,1.6336587,-0.16363636
feedback,0.83,1.6467195,-0.16363636
feedback,0.84,1.6596939,-0.16363636
feedback,0.85,1.6725821,-0.16363636
feedback,0.86,1.6853841,-0.16363636
feedback,0.87,1.6980999,-0.16363636
feedback,0.88,1.7107298,-0.16363636
feedback,0.89,1.7232739,-0.16363636
feedback,0.9,1.7357324,-0.16363636
open_loop,-0.6,-0.30352171,-0.16363636
open_loop,-0.59,-0.29122773,-0.16363636
open_loop,-0.58,-0.27891653,-0.16363636
open_loop,-0.57,-0.2665873,-0.16363636
open_loop,-0.56,-0.25423918,-0.16363636
open_loop,-0.55,-0.24187133,-0.16363636
open_loop,-0.54,-0.22948292,-0.16363636
open_loop,-0.53,-0.21707309,-0.16363636
open_loop,-0.52,-0.204641,-0.16363636
open_loop,-0.51,-0.1921858,-0.16363636
open_loop,-0.5,-0.17970664,-0.16363636
open_loop,-0.49,-0.16720268,-0.16363636
open_loop,-0.48,-0.15467306,-0.16363636
open_loop,-0.47,-0.14211692,-0.16363636
open_loop,-0.46,-0.12953343,-0.16363636
open_loop,-0.45,-0.11692172,-0.16363636
open_loop,-0.44,-0.10428095,-0.16363636
open_loop,-0.43,-0.09161026,-0.16363636
open_loop,-0.42,-0.078908809,-0.16363636
open_loop,-0.41,-0.066175746,-0.16363636
open_loop,-0.4,-0.053410226,-0.16363636
open_loop,-0.39,-0.040611406,-0.16363636
open_loop,-0.38,-0.027778444,-0.16363636
open_loop,-0.37,-0.014910505,-0.16363636
open_loop,-0.36,-0.002006756,-0.16363636
open_loop,-0.35,0.010933631,-0.16363636
open_loop,-0.34,0.023911479,-0.16363636
open_loop,-0.33,0.036927604,-0.16363636
open_loop,-0.32,0.049982814,-0.16363636
open_loop,-0.31,0.06307791,-0.16363636
open_loop,-0.3,0.076213686,-0.16363636
open_loop,-0.29,0.089390923,-0.16363636
open_loop,-0.28,0.10261039,-0.16363636
open_loop,-0.27,0.11587286,-0.16363636
open_loop,-0.26,0.12917906,-0.16363636
open_loop,-0.25,0.14252974,-0.16363636
open_loop,-0.24,0.15592561,-0.16363636
open_loop,-0.23,0.16936736,-0.16363636
open_loop,-0.22,0.18285569,-0.16363636
open_loop,-0.21,0.19639125,-0.16363636
open_loop,-0.2,0.20997468,-0.16363636
open_loop,-0.19,0.2236066,-0.16363636
open_loop,-0.18,0.2372876,-0.16363636
open_loop,-0.17,0.25101825,-0.16363636
open_loop,-0.16,0.26479908,-0.16363636
open_loop,-0.15,0.27863059,-0.16363636
open_loop,-0.14,0.29251326,-0.16363636
open_loop,-0.13,0.30644752,-0.16363636
open_loop,-0.12,0.32043377,-0.16363636
open_loop,-0.11,0.33447237,-0.16363636
open_loop,-0.1,0.34856364,-0.16363636
open_loop,-0.09,0.36270785,-0.16363636
open_loop,-0.08,0.37690523,-0.16363636
open_loop,-0.07,0.39115594,-0.16363636
open_loop,-0.06,0.40546011,-0.16363636
open_loop,-0.05,0.4198178,-0.16363636
open_loop,-0.04,0.43422903,-0.16363636
open_loop,-0.03,0.44869373,-0.16363636
open_loop,-0.02,0.46321179,-0.16363636
open_loop,-0.01,0.47778304,-0.16363636
open_loop,0,0.4924072,-0.16363636
open_loop,0.01,0.50708395,-0.16363636
open_loop,0.02,0.5218129,-0.16363636
open_loop,0.03,0.53659356,-0.16363636
open_loop,0.04,0.55142537,-0.16363636
open_loop,0.05,0.56630769,-0.16363636
open_loop,0.06,0.58123978,-0.16363636
open_loop,0.07,0.59622083,-0.16363636
open_loop,0.08,0.61124992,-0.16363636
open_loop,0.09,0.62632605,-0.16363636
open_loop,0.1,0.64144814,-0.16363636
open_loop,0.11,0.65661499,-0.16363636
open_loop,0.12,0.6718253,-0.16363636
open_loop,0.13,0.68707769,-0.16363636
open_loop,0.14,0.70237068,-0.16363636
open_loop,0.15,0.71770269,-0.16363636
open_loop,0.16,0.73307202,-0.16363636
open_loop,0.17,0.7484769,-0.16363636
open_loop,0.18,0.76391544,-0.16363636
open_loop,0.19,0.77938568,-0.16363636
open_loop,0.2,0.79488553,-0.16363636
open_loop,0.21,0.81041283,-0.16363636
open_loop,0.22,0.82596532,-0.16363636
open_loop,0.23,0.84154066,-0.16363636
open_loop,0.24,0.85713643,-0.16363636
open_loop,0.25,0.87275011,-0.16363636
open_loop,0.26,0.88837912,-0.16363636
open_loop,0.27,0.9040208,-0.16363636
open_loop,0.28,0.91967243,-0.16363636
open_loop,0.29,0.93533123,-0.16363636
open_loop,0.3,0.95099435,-0.16363636
open_loop,0.31,0.96665892,-0.16363636
open_loop,0.32,0.982322,-0.16363636
open_loop,0.33,0.99798064,-0.16363636
open_loop,0.34,1.0136318,-0.16363636
open_loop,0.35,1.0292726,-0.16363636
open_loop,0.36,1.0448998,-0.16363636
open_loop,0.37,1.0605106,-0.16363636
open_loop,0.38,1.0761018,-0.16363636
open_loop,0.39,1.0916705,-0.16363636
open_loop,0.4,1.1072136,-0.16363636
open_loop,0.41,1.1227281,-0.16363636
open_loop,0.42,1.1382112,-0.16363636
open_loop,0.43,1.1536598,-0.16363636
open_loop,0.44,1.1690712,-0.16363636
open_loop,0.45,1.1844425,-0.16363636
open_loop,0.46,1.199771,-0.16363636
open_loop,0.47,1.2150539,-0.16363636
open_loop,0.48,1.2302886,-0.16363636
open_loop,0.49,1.2454727,-0.16363636
open_loop,0.5,1.2606035,-0.16363636
open_loop,0.51,1.2756787,-0.16363636
open_loop,0.52,1.290696,-0.16363636
open_loop,0.53,1.3056532,-0.16363636
open_loop,0.54,1.3205481,-0.16363636
open_loop,0.55,1.3353787,-0.16363636
open_loop,0.56,1.3501431,-0.16363636
open_loop,0.57,1.3648394,-0.16363636
open_loop,0.58,1.3794658,-0.16363636
open_loop,0.59,1.3940208,-0.16363636
open_loop,0.6,1.4085026,-0.16363636
open_loop,0.61,1.42291,-0.16363636
open_loop,0.62,1.4372415,-0.16363636
open_loop,0.63,1.4514959,-0.16363636
open_loop,0.64,1.465672,-0.16363636
open_loop,0.65,1.4797686,-0.16363636
open_loop,0.66,1.493785,-0.16363636
open_loop,0.67,1.50772,-0.16363636
open_loop,0.68,1.521573,-0.16363636
open_loop,0.69,1.5353431,-0.16363636
open_loop,0.7,1.5490298,-0.16363636
open_loop,0.71,1.5626325,-0.16363636
open_loop,0.72,1.5761508,-0.16363636
open_loop,0.73,1.5895841,-0.16363636
open_loop,0.74,1.6029321,-0.16363636
open_loop,0.75,1.6161947,-0.16363636
open_loop,0.76,1.6293715,-0.16363636
open_loop,0.77,1.6424625,-0.16363636
open_loop,0.78,1.6554675,-0.16363636
open_loop,0.79,1.6683866,-0.16363636
open_loop,0.8,1.6812197,-0.16363636
open_loop,0.81,1.6939669,-0.16363636
open_loop,0.82,1.7066284,-0.16363636
open_loop,0.83,1.7192044,-0.16363636
open_loop,0.84,1.731695,-0.16363636
open_loop,0.85,1.7441005,-0.16363636
open_loop,0.86,1.7564212,-0.16363636
open_loop,0.87,1.7686575,-0.16363636
open_loop,0.88,1.7808097,-0.16363636
open_loop,0.89,1.7928782,-0.16363636
open_loop,0.9,1.8048634,-0.16363636
