controller,metric,mean_diff,lo,hi
C0,iae,0.34316074,0.29337603,0.39250349
C0,last,0.024891458,0.019334748,0.031156137
C0,viol,0.02545892,0.010904644,0.042022456
A1,iae,-0.0012296098,-0.009397526,0.006011181
A1,last,-0.0010298792,-0.0016473816,-0.00044404377
A1,viol,0.0051618228,0.0027669317,0.007683761
A2,iae,-0.0012231566,-0.0093808633,0.0060116998
A2,last,-0.0010296086,-0.0016471104,-0.00044375352
A2,viol,0.0051520897,0.0027624999,0.0076695633
A3,iae,-0.0070671095,-0.018133702,0.0066818614
A3,last,-0.0010287223,-0.0016435317,-0.00044514521
A3,viol,-0.0070651963,-0.012033162,-0.002553241
