noise_std,n_train,rmse_mean,rmse_std
0,2,0.049436907,0.026335327
0,4,0.02750528,0.0088040014
0,8,0.019931511,0.0058819574
0,16,0.019050423,0.0060291995
0,32,0.010988502,0.0027348426
0.001,2,0.056719876,0.023721261
0.001,4,0.027425871,0.0084167679
0.001,8,0.020148788,0.005540301
0.001,16,0.019413146,0.0056835222
0.001,32,0.011170281,0.0028240909
0.003,2,0.068614499,0.025603506
0.003,4,0.03094373,0.0081607109
0.003,8,0.021343623,0.0048788638
0.003,16,0.01917676,0.0058965938
0.003,32,0.01162959,0.0022533566
0.01,2,0.12613817,0.075104609
0.01,4,0.0594236,0.011476018
0.01,8,0.030666693,0.0069853827
0.01,16,0.022888397,0.0039654009
0.01,32,0.015315163,0.0013541606
