run,rmse_A0,rmse_A1,rmse_A2
0,0.088420631,0.081964357,0.081962021
1,0.044366402,0.0051369311,0.0051342823
2,0.066600164,0.042197774,0.042199506
3,0.051140085,0.012196133,0.012188952
4,0.087099617,0.071134292,0.071133204
5,0.101389,0.078777369,0.07877601
6,0.083359771,0.067727212,0.067722984
7,0.069005778,0.047215522,0.047215976
8,0.052052133,0.023669435,0.023664038
9,0.047929494,0.008882943,0.0088790679
10,0.052921848,0.019931875,0.019930908
11,0.057676083,0.03779796,0.037795569
12,0.07095997,0.049035211,0.049036316
13,0.071972457,0.055215258,0.055212861
14,0.10138738,0.084306699,0.084304265
15,0.047505894,0.024485434,0.024484558
